date;user_id;course_id;modinfo_id;event_id
1674911133;7;99;99;\core\event\course_viewed
1669959603;8;99;99;\core\event\grouping_group_assigned
1669959603;8;99;99;\core\event\grouping_group_assigned
1669959603;8;99;99;\core\event\grouping_group_assigned
1669959603;8;99;99;\core\event\grouping_group_assigned
1669959603;8;99;99;\core\event\grouping_group_assigned
1669959603;8;99;99;\core\event\grouping_group_assigned
1669959603;8;99;99;\core\event\grouping_group_assigned
1669959603;8;99;99;\core\event\grouping_group_assigned
1669959603;8;99;99;\core\event\grouping_group_assigned
1669959603;8;99;99;\core\event\grouping_group_assigned
1669959603;8;99;99;\core\event\grouping_group_assigned
1669959603;8;99;99;\core\event\grouping_group_assigned
1670311769;8;99;99;\core\event\group_member_added
1670815702;8;99;99;\core\event\user_enrolment_created
1670816081;8;99;99;\core\event\user_enrolment_deleted
1669959519;8;99;99;\core\event\user_list_viewed
1669959579;8;99;99;\core\event\user_list_viewed
1669959615;8;99;99;\core\event\user_list_viewed
1669959624;8;99;99;\core\event\user_profile_viewed
1669959636;8;99;99;\core\event\user_list_viewed
1669959823;8;99;99;\core\event\user_list_viewed
1669960046;8;99;99;\core\event\user_list_viewed
1669960201;8;99;99;\core\event\user_profile_viewed
1670302497;8;99;99;\core\event\user_list_viewed
1670311742;8;99;99;\core\event\user_list_viewed
1670558048;8;99;99;\core\event\user_list_viewed
1670563393;8;99;99;\core\event\user_list_viewed
1670815374;8;99;99;\core\event\user_list_viewed
1670815810;8;99;99;\core\event\user_list_viewed
1670816040;8;99;99;\core\event\user_list_viewed
1670816052;8;99;99;\core\event\user_profile_viewed
1670816252;8;99;99;\core\event\user_list_viewed
1670816687;8;99;99;\core\event\user_profile_viewed
1670921693;8;99;99;\core\event\user_list_viewed
1670921807;8;99;99;\core\event\user_profile_viewed
1670921881;8;99;99;\core\event\user_list_viewed
1671108480;8;99;99;\core\event\user_list_viewed
1671420405;8;99;99;\core\event\user_list_viewed
1671421228;8;99;99;\core\event\user_list_viewed
1671421247;8;99;99;\core\event\user_profile_viewed
1671421256;8;99;99;\report_log\event\user_report_viewed
1671437773;8;99;99;\core\event\user_list_viewed
1671438029;8;99;99;\core\event\user_profile_viewed
1671593683;8;99;99;\core\event\user_list_viewed
1671711409;8;99;99;\core\event\user_profile_viewed
1673337418;8;99;99;\core\event\user_list_viewed
1673337433;8;99;99;\core\event\user_profile_viewed
1673337468;8;99;99;\core\event\user_list_viewed
1673338130;8;99;99;\core\event\user_list_viewed
1669959711;8;99;99;\gradereport_grader\event\grade_report_viewed
1669959717;8;99;99;\gradeexport_xls\event\grade_exported
1670302147;8;99;99;\gradeexport_xls\event\grade_exported
1670557992;8;99;99;\gradeexport_xls\event\grade_exported
1670815342;8;99;99;\gradeexport_xls\event\grade_exported
1670816270;8;99;99;\gradereport_grader\event\grade_report_viewed
1670816713;8;99;99;\gradereport_grader\event\grade_report_viewed
1670816720;8;99;99;\gradereport_grader\event\grade_report_viewed
1670899745;8;99;99;\gradereport_grader\event\grade_report_viewed
1670899977;8;99;99;\gradereport_grader\event\grade_report_viewed
1670904411;8;99;99;\gradeexport_xls\event\grade_exported
1671108543;8;99;99;\gradereport_grader\event\grade_report_viewed
1671108552;8;99;99;\gradeexport_xls\event\grade_exported
1671161848;8;99;99;\gradeexport_xls\event\grade_exported
1671420415;8;99;99;\gradereport_grader\event\grade_report_viewed
1671420422;8;99;99;\gradeexport_xls\event\grade_exported
1671421226;8;99;99;\gradereport_grader\event\grade_report_viewed
1671709081;8;99;99;\gradereport_grader\event\grade_report_viewed
1671709090;8;99;99;\gradeexport_xls\event\grade_exported
1671711291;8;99;99;\gradereport_grader\event\grade_report_viewed
1671711395;8;99;99;\gradereport_grader\event\grade_report_viewed
1671711404;8;99;99;\gradereport_grader\event\grade_report_viewed
1671711679;8;99;99;\gradereport_grader\event\grade_report_viewed
1671711852;8;99;99;\gradereport_grader\event\grade_report_viewed
1671711864;8;99;99;\gradereport_grader\event\grade_report_viewed
1671712692;8;99;99;\gradereport_grader\event\grade_report_viewed
1673337459;8;99;99;\gradereport_grader\event\grade_report_viewed
1673337468;8;99;99;\gradereport_grader\event\grade_report_viewed
1673337484;8;99;99;\gradereport_singleview\event\grade_report_viewed
1673337497;8;99;99;\gradereport_singleview\event\grade_report_viewed
1673337984;8;99;99;\gradereport_singleview\event\grade_report_viewed
1669910426;8;99;99;\core\event\course_viewed
1669957946;8;99;99;\core\event\course_viewed
1669958416;8;99;99;\core\event\course_viewed
1669958697;8;99;99;\core\event\course_viewed
1669959120;8;99;99;\core\event\course_viewed
1669959513;8;99;99;\core\event\course_viewed
1669959526;8;99;99;\core\event\course_viewed
1669959575;8;99;99;\core\event\course_viewed
1669959613;8;99;99;\core\event\course_viewed
1669959633;8;99;99;\core\event\course_viewed
1669959676;8;99;99;\core\event\course_viewed
1670218998;8;99;99;\core\event\course_viewed
1670219062;8;99;99;\core\event\course_viewed
1670219069;8;99;99;\core\event\course_viewed
1670219073;8;99;99;\core\event\course_viewed
1670219124;8;99;99;\core\event\course_viewed
1670219158;8;99;99;\core\event\course_viewed
1670300231;8;99;99;\core\event\course_viewed
1670302833;8;99;99;\core\event\course_viewed
1670311884;8;99;99;\core\event\course_viewed
1670312220;8;99;99;\core\event\course_viewed
1670313463;8;99;99;\core\event\course_viewed
1670313499;8;99;99;\core\event\course_viewed
1670561252;8;99;99;\core\event\course_viewed
1670563390;8;99;99;\core\event\course_viewed
1670563392;8;99;99;\core\event\course_viewed
1670815822;8;99;99;\core\event\course_viewed
1670815850;8;99;99;\core\event\course_viewed
1670816264;8;99;99;\core\event\course_viewed
1670816304;8;99;99;\core\event\course_viewed
1670816505;8;99;99;\core\event\course_viewed
1670816510;8;99;99;\core\event\course_viewed
1670816559;8;99;99;\core\event\course_viewed
1670816700;8;99;99;\mod_forum\event\user_report_viewed
1670816723;8;99;99;\core\event\course_viewed
1670816773;8;99;99;\core\event\course_viewed
1670816786;8;99;99;\core\event\course_viewed
1670826125;8;99;99;\core\event\course_viewed
1670826126;8;99;99;\core\event\course_viewed
1670899715;8;99;99;\core\event\course_viewed
1670902224;8;99;99;\core\event\course_viewed
1670915432;8;99;99;\core\event\course_viewed
1670915433;8;99;99;\core\event\course_viewed
1670915462;8;99;99;\core\event\course_viewed
1670915600;8;99;99;\core\event\course_viewed
1670921690;8;99;99;\core\event\course_viewed
1670921692;8;99;99;\core\event\course_viewed
1670923077;8;99;99;\core\event\course_viewed
1670928027;8;99;99;\core\event\course_viewed
1670928029;8;99;99;\core\event\course_viewed
1670928062;8;99;99;\core\event\course_viewed
1670989364;8;99;99;\core\event\course_viewed
1670989458;8;99;99;\core\event\course_viewed
1670996737;8;99;99;\core\event\course_viewed
1670996739;8;99;99;\core\event\course_viewed
1671004081;8;99;99;\core\event\course_viewed
1671020758;8;99;99;\core\event\course_viewed
1671020760;8;99;99;\core\event\course_viewed
1671020969;8;99;99;\core\event\course_viewed
1671071082;8;99;99;\core\event\course_viewed
1671108476;8;99;99;\core\event\course_viewed
1671108477;8;99;99;\core\event\course_viewed
1671162122;8;99;99;\core\event\course_viewed
1671188153;8;99;99;\core\event\course_viewed
1671188155;8;99;99;\core\event\course_viewed
1671188323;8;99;99;\core\event\course_viewed
1671188324;8;99;99;\core\event\course_viewed
1671424926;8;99;99;\core\event\course_viewed
1671438032;8;99;99;\gradereport_overview\event\grade_report_viewed
1671438035;8;99;99;\gradereport_user\event\grade_report_viewed
1671507666;8;99;99;\core\event\course_viewed
1671507667;8;99;99;\core\event\course_viewed
1671537769;8;99;99;\core\event\course_viewed
1671537770;8;99;99;\core\event\course_viewed
1671593663;8;99;99;\core\event\course_viewed
1671593865;8;99;99;\core\event\course_viewed
1671596095;8;99;99;\core\event\course_viewed
1671596096;8;99;99;\core\event\course_viewed
1671596140;8;99;99;\core\event\course_viewed
1671605910;8;99;99;\core\event\course_viewed
1671710999;8;99;99;\core\event\course_viewed
1671711367;8;99;99;\core\event\course_viewed
1671711420;8;99;99;\core\event\course_viewed
1671711698;8;99;99;\gradereport_user\event\grade_report_viewed
1671711727;8;99;99;\core\event\course_viewed
1671711831;8;99;99;\core\event\course_viewed
1671711844;8;99;99;\gradereport_user\event\grade_report_viewed
1671711897;8;99;99;\core\event\course_viewed
1671711900;8;99;99;\core\event\course_viewed
1671711998;8;99;99;\core\event\course_viewed
1671712196;8;99;99;\core\event\course_viewed
1671712442;8;99;99;\core\event\course_viewed
1671712694;8;99;99;\core\event\course_viewed
1671712718;8;99;99;\core\event\course_viewed
1671713199;8;99;99;\core\event\course_viewed
1673320252;8;99;99;\core\event\course_viewed
1673320295;8;99;99;\core\event\course_viewed
1673337294;8;99;99;\core\event\course_viewed
1673337442;8;99;99;\core\event\course_viewed
1673337981;8;99;99;\core\event\course_viewed
1673337985;8;99;99;\core\event\course_viewed
1673337993;8;99;99;\core\event\course_viewed
1673340834;8;99;99;\core\event\course_viewed
1673340848;8;99;99;\core\event\course_viewed
1673340865;8;99;99;\core\event\course_viewed
1673340885;8;99;99;\core\event\course_viewed
1673344309;8;99;99;\core\event\course_viewed
1673428922;8;99;99;\core\event\course_viewed
1669958415;8;99;99;\core\event\grade_item_updated
1670219109;8;99;99;\core\event\grade_item_updated
1671711894;8;99;99;\core\event\grade_item_updated
1671711899;8;99;99;\core\event\grade_item_updated
1670219109;8;99;99;\core\event\course_section_updated
1673337569;8;99;99;\core\event\user_graded
1670816768;8;99;5852;\mod_forum\event\assessable_uploaded
1670816768;8;99;5852;\mod_forum\event\post_created
1670816724;8;99;5852;\mod_forum\event\course_module_viewed
1670816729;8;99;5852;\mod_forum\event\discussion_viewed
1671711882;8;99;10132;\mod_quiz\event\report_viewed
1671711895;8;99;10132;\core\event\course_module_updated
1671711883;8;99;10133;\mod_quiz\event\report_viewed
1671711899;8;99;10133;\core\event\course_module_updated
1670219017;8;99;10329;\mod_quiz\event\report_viewed
1670219025;8;99;10329;\mod_quiz\event\report_viewed
1670219032;8;99;10329;\mod_quiz\event\report_viewed
1670219041;8;99;10329;\mod_quiz\event\report_viewed
1670219012;8;99;10329;\mod_quiz\event\course_module_viewed
1670219109;8;99;10329;\core\event\course_module_updated
1670826134;8;99;10544;\mod_book\event\course_module_viewed
1670826134;8;99;10544;\mod_book\event\chapter_viewed
1670826142;8;99;10544;\mod_book\event\chapter_viewed
1670826144;8;99;10544;\mod_book\event\chapter_viewed
1670899712;8;99;10544;\mod_book\event\chapter_viewed
1670816557;8;99;11210;\core\event\course_module_updated
1670223865;8;99;36257;\mod_quiz\event\report_viewed
1670223871;8;99;36257;\mod_quiz\event\report_viewed
1671004116;8;99;36257;\mod_quiz\event\report_viewed
1671004127;8;99;36257;\mod_quiz\event\report_viewed
1671004143;8;99;36257;\mod_quiz\event\report_viewed
1671712706;8;99;36257;\mod_quiz\event\report_viewed
1669957990;8;99;36257;\mod_quiz\event\course_module_viewed
1669958422;8;99;36257;\mod_quiz\event\course_module_viewed
1669958723;8;99;36257;\mod_quiz\event\course_module_viewed
1669959493;8;99;36257;\mod_quiz\event\course_module_viewed
1669959548;8;99;36257;\mod_quiz\event\course_module_viewed
1670219152;8;99;36257;\mod_quiz\event\course_module_viewed
1670223861;8;99;36257;\mod_quiz\event\course_module_viewed
1670311889;8;99;36257;\mod_quiz\event\course_module_viewed
1670313467;8;99;36257;\mod_quiz\event\course_module_viewed
1671004112;8;99;36257;\mod_quiz\event\course_module_viewed
1671020771;8;99;36257;\mod_quiz\event\course_module_viewed
1671188199;8;99;36257;\mod_quiz\event\course_module_viewed
1671507676;8;99;36257;\mod_quiz\event\course_module_viewed
1671712703;8;99;36257;\mod_quiz\event\course_module_viewed
1669958415;8;99;36257;\core\event\course_module_updated
1669958696;8;99;36257;\core\event\course_module_updated
1669959119;8;99;36257;\core\event\course_module_updated
1669959512;8;99;36257;\core\event\course_module_updated
1669959574;8;99;36257;\core\event\course_module_updated
1670312218;8;99;36257;\core\event\course_module_updated
1670313497;8;99;36257;\core\event\course_module_updated
1671020967;8;99;36257;\core\event\course_module_updated
1671188258;8;99;36257;\core\event\course_module_updated
1671712709;8;99;36257;\mod_quiz\event\attempt_regraded
1671712710;8;99;36257;\mod_quiz\event\attempt_regraded
1671712710;8;99;36257;\mod_quiz\event\attempt_regraded
1671712710;8;99;36257;\mod_quiz\event\attempt_regraded
1671712710;8;99;36257;\mod_quiz\event\attempt_regraded
1671712710;8;99;36257;\mod_quiz\event\attempt_regraded
1671712711;8;99;36257;\mod_quiz\event\attempt_regraded
1671712711;8;99;36257;\mod_quiz\event\attempt_regraded
1671712711;8;99;36257;\mod_quiz\event\attempt_regraded
1671712711;8;99;36257;\mod_quiz\event\attempt_regraded
1671712711;8;99;36257;\mod_quiz\event\attempt_regraded
1671712712;8;99;36257;\mod_quiz\event\attempt_regraded
1671712712;8;99;36257;\mod_quiz\event\attempt_regraded
1671712712;8;99;36257;\mod_quiz\event\attempt_regraded
1671712712;8;99;36257;\mod_quiz\event\attempt_regraded
1671712712;8;99;36257;\mod_quiz\event\attempt_regraded
1671712712;8;99;36257;\mod_quiz\event\attempt_regraded
1671712713;8;99;36257;\mod_quiz\event\attempt_regraded
1671712713;8;99;36257;\mod_quiz\event\attempt_regraded
1671712713;8;99;36257;\mod_quiz\event\attempt_regraded
1671712713;8;99;36257;\mod_quiz\event\attempt_regraded
1671712713;8;99;36257;\mod_quiz\event\attempt_regraded
1671712714;8;99;36257;\mod_quiz\event\attempt_regraded
1671712714;8;99;36257;\mod_quiz\event\attempt_regraded
1671712714;8;99;36257;\mod_quiz\event\attempt_regraded
1671712714;8;99;36257;\mod_quiz\event\attempt_regraded
1671712714;8;99;36257;\mod_quiz\event\attempt_regraded
1671712715;8;99;36257;\mod_quiz\event\attempt_regraded
1671712715;8;99;36257;\mod_quiz\event\attempt_regraded
1671712715;8;99;36257;\mod_quiz\event\attempt_regraded
1671712715;8;99;36257;\mod_quiz\event\attempt_regraded
1671712715;8;99;36257;\mod_quiz\event\attempt_regraded
1671712715;8;99;36257;\mod_quiz\event\attempt_regraded
1671712716;8;99;36257;\mod_quiz\event\attempt_regraded
1671712716;8;99;36257;\mod_quiz\event\attempt_regraded
1671712716;8;99;36257;\mod_quiz\event\attempt_regraded
1671712716;8;99;36257;\mod_quiz\event\attempt_regraded
1671712716;8;99;36257;\mod_quiz\event\attempt_regraded
1671712717;8;99;36257;\mod_quiz\event\attempt_regraded
1671712717;8;99;36257;\mod_quiz\event\attempt_regraded
1671712717;8;99;36257;\mod_quiz\event\attempt_regraded
1671712717;8;99;36257;\mod_quiz\event\attempt_regraded
1671712717;8;99;36257;\mod_quiz\event\attempt_regraded
1671712718;8;99;36257;\mod_quiz\event\attempt_regraded
1671712718;8;99;36257;\mod_quiz\event\attempt_regraded
1671712718;8;99;36257;\mod_quiz\event\attempt_regraded
1671712718;8;99;36257;\mod_quiz\event\attempt_regraded
1671712718;8;99;36257;\mod_quiz\event\attempt_regraded
1671712719;8;99;36257;\mod_quiz\event\attempt_regraded
1671712719;8;99;36257;\mod_quiz\event\attempt_regraded
1671712719;8;99;36257;\mod_quiz\event\attempt_regraded
1671712719;8;99;36257;\mod_quiz\event\attempt_regraded
1671712719;8;99;36257;\mod_quiz\event\attempt_regraded
1671712720;8;99;36257;\mod_quiz\event\attempt_regraded
1671712720;8;99;36257;\mod_quiz\event\attempt_regraded
1671712720;8;99;36257;\mod_quiz\event\attempt_regraded
1671712720;8;99;36257;\mod_quiz\event\attempt_regraded
1671712720;8;99;36257;\mod_quiz\event\attempt_regraded
1671712721;8;99;36257;\mod_quiz\event\attempt_regraded
1671712721;8;99;36257;\mod_quiz\event\attempt_regraded
1671712721;8;99;36257;\mod_quiz\event\attempt_regraded
1671712721;8;99;36257;\mod_quiz\event\attempt_regraded
1671712721;8;99;36257;\mod_quiz\event\attempt_regraded
1671712722;8;99;36257;\mod_quiz\event\attempt_regraded
1671712722;8;99;36257;\mod_quiz\event\attempt_regraded
1671712722;8;99;36257;\mod_quiz\event\attempt_regraded
1671712722;8;99;36257;\mod_quiz\event\attempt_regraded
1671712722;8;99;36257;\mod_quiz\event\attempt_regraded
1671712723;8;99;36257;\mod_quiz\event\attempt_regraded
1671712723;8;99;36257;\mod_quiz\event\attempt_regraded
1671712723;8;99;36257;\mod_quiz\event\attempt_regraded
1671712723;8;99;36257;\mod_quiz\event\attempt_regraded
1671712723;8;99;36257;\mod_quiz\event\attempt_regraded
1671712724;8;99;36257;\mod_quiz\event\attempt_regraded
1671712724;8;99;36257;\mod_quiz\event\attempt_regraded
1671712724;8;99;36257;\mod_quiz\event\attempt_regraded
1671712724;8;99;36257;\mod_quiz\event\attempt_regraded
1671712724;8;99;36257;\mod_quiz\event\attempt_regraded
1671712725;8;99;36257;\mod_quiz\event\attempt_regraded
1671712725;8;99;36257;\mod_quiz\event\attempt_regraded
1671712725;8;99;36257;\mod_quiz\event\attempt_regraded
1671712725;8;99;36257;\mod_quiz\event\attempt_regraded
1671712725;8;99;36257;\mod_quiz\event\attempt_regraded
1671712726;8;99;36257;\mod_quiz\event\attempt_regraded
1671712726;8;99;36257;\mod_quiz\event\attempt_regraded
1671712726;8;99;36257;\mod_quiz\event\attempt_regraded
1671712726;8;99;36257;\mod_quiz\event\attempt_regraded
1671712727;8;99;36257;\mod_quiz\event\attempt_regraded
1671712727;8;99;36257;\mod_quiz\event\attempt_regraded
1671712727;8;99;36257;\mod_quiz\event\attempt_regraded
1671712727;8;99;36257;\mod_quiz\event\attempt_regraded
1671712727;8;99;36257;\mod_quiz\event\attempt_regraded
1671712728;8;99;36257;\mod_quiz\event\attempt_regraded
1671712728;8;99;36257;\mod_quiz\event\attempt_regraded
1671712728;8;99;36257;\mod_quiz\event\attempt_regraded
1671712728;8;99;36257;\mod_quiz\event\attempt_regraded
1671712728;8;99;36257;\mod_quiz\event\attempt_regraded
1671712729;8;99;36257;\mod_quiz\event\attempt_regraded
1671712729;8;99;36257;\mod_quiz\event\attempt_regraded
1671712729;8;99;36257;\mod_quiz\event\attempt_regraded
1671712729;8;99;36257;\mod_quiz\event\attempt_regraded
1671712730;8;99;36257;\mod_quiz\event\attempt_regraded
1671712730;8;99;36257;\mod_quiz\event\attempt_regraded
1671712730;8;99;36257;\mod_quiz\event\attempt_regraded
1671712730;8;99;36257;\mod_quiz\event\attempt_regraded
1671712730;8;99;36257;\mod_quiz\event\attempt_regraded
1671712731;8;99;36257;\mod_quiz\event\attempt_regraded
1671712731;8;99;36257;\mod_quiz\event\attempt_regraded
1671712731;8;99;36257;\mod_quiz\event\attempt_regraded
1671712731;8;99;36257;\mod_quiz\event\attempt_regraded
1671712731;8;99;36257;\mod_quiz\event\attempt_regraded
1671712732;8;99;36257;\mod_quiz\event\attempt_regraded
1671712732;8;99;36257;\mod_quiz\event\attempt_regraded
1671712732;8;99;36257;\mod_quiz\event\attempt_regraded
1671712732;8;99;36257;\mod_quiz\event\attempt_regraded
1671712732;8;99;36257;\mod_quiz\event\attempt_regraded
1671712733;8;99;36257;\mod_quiz\event\attempt_regraded
1671712733;8;99;36257;\mod_quiz\event\attempt_regraded
1671712733;8;99;36257;\mod_quiz\event\attempt_regraded
1671712733;8;99;36257;\mod_quiz\event\attempt_regraded
1671712733;8;99;36257;\mod_quiz\event\attempt_regraded
1671712734;8;99;36257;\mod_quiz\event\attempt_regraded
1671712734;8;99;36257;\mod_quiz\event\attempt_regraded
1671712734;8;99;36257;\mod_quiz\event\attempt_regraded
1671712734;8;99;36257;\mod_quiz\event\attempt_regraded
1671712734;8;99;36257;\mod_quiz\event\attempt_regraded
1671712735;8;99;36257;\mod_quiz\event\attempt_regraded
1671712735;8;99;36257;\mod_quiz\event\attempt_regraded
1671712735;8;99;36257;\mod_quiz\event\attempt_regraded
1671712735;8;99;36257;\mod_quiz\event\attempt_regraded
1671712735;8;99;36257;\mod_quiz\event\attempt_regraded
1671712736;8;99;36257;\mod_quiz\event\attempt_regraded
1671712736;8;99;36257;\mod_quiz\event\attempt_regraded
1671712736;8;99;36257;\mod_quiz\event\attempt_regraded
1671712736;8;99;36257;\mod_quiz\event\attempt_regraded
1671712736;8;99;36257;\mod_quiz\event\attempt_regraded
1671712737;8;99;36257;\mod_quiz\event\attempt_regraded
1671712737;8;99;36257;\mod_quiz\event\attempt_regraded
1671712737;8;99;36257;\mod_quiz\event\attempt_regraded
1671712737;8;99;36257;\mod_quiz\event\attempt_regraded
1671712737;8;99;36257;\mod_quiz\event\attempt_regraded
1671712738;8;99;36257;\mod_quiz\event\attempt_regraded
1671712738;8;99;36257;\mod_quiz\event\attempt_regraded
1671712738;8;99;36257;\mod_quiz\event\attempt_regraded
1671712738;8;99;36257;\mod_quiz\event\attempt_regraded
1671712738;8;99;36257;\mod_quiz\event\attempt_regraded
1671712739;8;99;36257;\mod_quiz\event\attempt_regraded
1671712739;8;99;36257;\mod_quiz\event\attempt_regraded
1671712739;8;99;36257;\mod_quiz\event\attempt_regraded
1671712739;8;99;36257;\mod_quiz\event\attempt_regraded
1671712740;8;99;36257;\mod_quiz\event\attempt_regraded
1671712740;8;99;36257;\mod_quiz\event\attempt_regraded
1671712740;8;99;36257;\mod_quiz\event\attempt_regraded
1671712740;8;99;36257;\mod_quiz\event\attempt_regraded
1671712740;8;99;36257;\mod_quiz\event\attempt_regraded
1671712741;8;99;36257;\mod_quiz\event\attempt_regraded
1671712741;8;99;36257;\mod_quiz\event\attempt_regraded
1671712741;8;99;36257;\mod_quiz\event\attempt_regraded
1671712741;8;99;36257;\mod_quiz\event\attempt_regraded
1671712741;8;99;36257;\mod_quiz\event\attempt_regraded
1671712742;8;99;36257;\mod_quiz\event\attempt_regraded
1671712742;8;99;36257;\mod_quiz\event\attempt_regraded
1671712742;8;99;36257;\mod_quiz\event\attempt_regraded
1671712742;8;99;36257;\mod_quiz\event\attempt_regraded
1671712742;8;99;36257;\mod_quiz\event\attempt_regraded
1671712742;8;99;36257;\mod_quiz\event\attempt_regraded
1671712743;8;99;36257;\mod_quiz\event\attempt_regraded
1671712743;8;99;36257;\mod_quiz\event\attempt_regraded
1671712743;8;99;36257;\mod_quiz\event\attempt_regraded
1671712743;8;99;36257;\mod_quiz\event\attempt_regraded
1671712743;8;99;36257;\mod_quiz\event\attempt_regraded
1671712744;8;99;36257;\mod_quiz\event\attempt_regraded
1671712744;8;99;36257;\mod_quiz\event\attempt_regraded
1671712744;8;99;36257;\mod_quiz\event\attempt_regraded
1671712744;8;99;36257;\mod_quiz\event\attempt_regraded
1671712744;8;99;36257;\mod_quiz\event\attempt_regraded
1671712745;8;99;36257;\mod_quiz\event\attempt_regraded
1671712745;8;99;36257;\mod_quiz\event\attempt_regraded
1671712745;8;99;36257;\mod_quiz\event\attempt_regraded
1671712745;8;99;36257;\mod_quiz\event\attempt_regraded
1671712745;8;99;36257;\mod_quiz\event\attempt_regraded
1671712746;8;99;36257;\mod_quiz\event\attempt_regraded
1671712746;8;99;36257;\mod_quiz\event\attempt_regraded
1671712746;8;99;36257;\mod_quiz\event\attempt_regraded
1671712746;8;99;36257;\mod_quiz\event\attempt_regraded
1671712746;8;99;36257;\mod_quiz\event\attempt_regraded
1671712747;8;99;36257;\mod_quiz\event\attempt_regraded
1671712747;8;99;36257;\mod_quiz\event\attempt_regraded
1671712747;8;99;36257;\mod_quiz\event\attempt_regraded
1671712747;8;99;36257;\mod_quiz\event\attempt_regraded
1671712747;8;99;36257;\mod_quiz\event\attempt_regraded
1671712747;8;99;36257;\mod_quiz\event\attempt_regraded
1671712748;8;99;36257;\mod_quiz\event\attempt_regraded
1671712748;8;99;36257;\mod_quiz\event\attempt_regraded
1671712748;8;99;36257;\mod_quiz\event\attempt_regraded
1671712748;8;99;36257;\mod_quiz\event\attempt_regraded
1671712749;8;99;36257;\mod_quiz\event\attempt_regraded
1671712749;8;99;36257;\mod_quiz\event\attempt_regraded
1671712749;8;99;36257;\mod_quiz\event\attempt_regraded
1671712749;8;99;36257;\mod_quiz\event\attempt_regraded
1671712749;8;99;36257;\mod_quiz\event\attempt_regraded
1671712750;8;99;36257;\mod_quiz\event\attempt_regraded
1671712750;8;99;36257;\mod_quiz\event\attempt_regraded
1671712750;8;99;36257;\mod_quiz\event\attempt_regraded
1671712750;8;99;36257;\mod_quiz\event\attempt_regraded
1671712750;8;99;36257;\mod_quiz\event\attempt_regraded
1671712750;8;99;36257;\mod_quiz\event\attempt_regraded
1671712751;8;99;36257;\mod_quiz\event\attempt_regraded
1671712751;8;99;36257;\mod_quiz\event\attempt_regraded
1671712751;8;99;36257;\mod_quiz\event\attempt_regraded
1671712751;8;99;36257;\mod_quiz\event\attempt_regraded
1671712751;8;99;36257;\mod_quiz\event\attempt_regraded
1671712752;8;99;36257;\mod_quiz\event\attempt_regraded
1671712752;8;99;36257;\mod_quiz\event\attempt_regraded
1671712752;8;99;36257;\mod_quiz\event\attempt_regraded
1671712752;8;99;36257;\mod_quiz\event\attempt_regraded
1671712752;8;99;36257;\mod_quiz\event\attempt_regraded
1671712753;8;99;36257;\mod_quiz\event\attempt_regraded
1671712753;8;99;36257;\mod_quiz\event\attempt_regraded
1671712753;8;99;36257;\mod_quiz\event\attempt_regraded
1671712753;8;99;36257;\mod_quiz\event\attempt_regraded
1671712754;8;99;36257;\mod_quiz\event\attempt_regraded
1671712754;8;99;36257;\mod_quiz\event\attempt_regraded
1671712754;8;99;36257;\mod_quiz\event\attempt_regraded
1671712754;8;99;36257;\mod_quiz\event\attempt_regraded
1671712754;8;99;36257;\mod_quiz\event\attempt_regraded
1671712754;8;99;36257;\mod_quiz\event\attempt_regraded
1671712755;8;99;36257;\mod_quiz\event\attempt_regraded
1671712755;8;99;36257;\mod_quiz\event\attempt_regraded
1671712755;8;99;36257;\mod_quiz\event\attempt_regraded
1671712755;8;99;36257;\mod_quiz\event\attempt_regraded
1671712755;8;99;36257;\mod_quiz\event\attempt_regraded
1671712756;8;99;36257;\mod_quiz\event\attempt_regraded
1671712756;8;99;36257;\mod_quiz\event\attempt_regraded
1671712756;8;99;36257;\mod_quiz\event\attempt_regraded
1671712756;8;99;36257;\mod_quiz\event\attempt_regraded
1671712757;8;99;36257;\mod_quiz\event\attempt_regraded
1671712757;8;99;36257;\mod_quiz\event\attempt_regraded
1671712757;8;99;36257;\mod_quiz\event\attempt_regraded
1671712757;8;99;36257;\mod_quiz\event\attempt_regraded
1671712757;8;99;36257;\mod_quiz\event\attempt_regraded
1671712758;8;99;36257;\mod_quiz\event\attempt_regraded
1671712758;8;99;36257;\mod_quiz\event\attempt_regraded
1671712758;8;99;36257;\mod_quiz\event\attempt_regraded
1671712758;8;99;36257;\mod_quiz\event\attempt_regraded
1671712758;8;99;36257;\mod_quiz\event\attempt_regraded
1671712759;8;99;36257;\mod_quiz\event\attempt_regraded
1671712759;8;99;36257;\mod_quiz\event\attempt_regraded
1671712759;8;99;36257;\mod_quiz\event\attempt_regraded
1671712759;8;99;36257;\mod_quiz\event\attempt_regraded
1671712759;8;99;36257;\mod_quiz\event\attempt_regraded
1671712760;8;99;36257;\mod_quiz\event\attempt_regraded
1671712760;8;99;36257;\mod_quiz\event\attempt_regraded
1671712760;8;99;36257;\mod_quiz\event\attempt_regraded
1671712760;8;99;36257;\mod_quiz\event\attempt_regraded
1671712760;8;99;36257;\mod_quiz\event\attempt_regraded
1671712761;8;99;36257;\mod_quiz\event\attempt_regraded
1671712761;8;99;36257;\mod_quiz\event\attempt_regraded
1671712761;8;99;36257;\mod_quiz\event\attempt_regraded
1671712761;8;99;36257;\mod_quiz\event\attempt_regraded
1671712761;8;99;36257;\mod_quiz\event\attempt_regraded
1671712762;8;99;36257;\mod_quiz\event\attempt_regraded
1671712762;8;99;36257;\mod_quiz\event\attempt_regraded
1671712762;8;99;36257;\mod_quiz\event\attempt_regraded
1671712762;8;99;36257;\mod_quiz\event\attempt_regraded
1671712762;8;99;36257;\mod_quiz\event\attempt_regraded
1671712762;8;99;36257;\mod_quiz\event\attempt_regraded
1671712763;8;99;36257;\mod_quiz\event\attempt_regraded
1671712763;8;99;36257;\mod_quiz\event\attempt_regraded
1671712763;8;99;36257;\mod_quiz\event\attempt_regraded
1671712763;8;99;36257;\mod_quiz\event\attempt_regraded
1671712763;8;99;36257;\mod_quiz\event\attempt_regraded
1671712764;8;99;36257;\mod_quiz\event\attempt_regraded
1673337569;8;99;36257;\core\event\course_module_completion_updated
1670816518;8;99;40553;\core\event\course_module_created
1673337996;8;99;40553;\mod_simplecertificate\event\course_module_viewed
1670816588;8;99;40553;\core\event\course_module_updated
1670989419;8;99;40553;\core\event\course_module_updated
1671711093;8;99;40553;\core\event\course_module_updated
1671711149;8;99;40553;\core\event\course_module_updated
1671711167;8;99;40553;\core\event\course_module_updated
1671711194;8;99;40553;\core\event\course_module_updated
1671711252;8;99;40553;\core\event\course_module_updated
1671711365;8;99;40553;\core\event\course_module_updated
1671711496;8;99;40553;\core\event\course_module_updated
1671711829;8;99;40553;\core\event\course_module_updated
1671712441;8;99;40553;\core\event\course_module_updated
1672127315;2943;99;99;\core\event\user_profile_viewed
1672128599;2943;99;99;\core\event\user_profile_viewed
1672128613;2943;99;99;\core\event\user_profile_viewed
1672131118;2943;99;99;\core\event\user_profile_viewed
1672131551;2943;99;99;\core\event\user_profile_viewed
1672132652;2943;99;99;\core\event\user_profile_viewed
1672223370;2943;99;99;\core\event\user_profile_viewed
1672223386;2943;99;99;\core\event\user_profile_viewed
1672224429;2943;99;99;\core\event\user_profile_viewed
1672224442;2943;99;99;\core\event\user_profile_viewed
1672224697;2943;99;99;\core\event\user_profile_viewed
1672224713;2943;99;99;\core\event\user_profile_viewed
1672228693;2943;99;99;\core\event\user_profile_viewed
1672228705;2943;99;99;\core\event\user_profile_viewed
1672229053;2943;99;99;\core\event\user_profile_viewed
1672300307;2943;99;99;\core\event\user_profile_viewed
1672300355;2943;99;99;\core\event\user_profile_viewed
1672300986;2943;99;99;\core\event\user_profile_viewed
1672300997;2943;99;99;\core\event\user_profile_viewed
1672301440;2943;99;99;\core\event\user_profile_viewed
1672305299;2943;99;99;\core\event\user_profile_viewed
1673848584;2943;99;99;\core\event\user_profile_viewed
1673938725;2943;99;99;\core\event\user_profile_viewed
1673941011;2943;99;99;\core\event\user_profile_viewed
1672127294;2943;99;99;\gradereport_grader\event\grade_report_viewed
1672217109;2943;99;99;\gradereport_grader\event\grade_report_viewed
1672228674;2943;99;99;\gradereport_grader\event\grade_report_viewed
1672300285;2943;99;99;\gradereport_grader\event\grade_report_viewed
1672305009;2943;99;99;\gradereport_grader\event\grade_report_viewed
1673421894;2943;99;99;\gradereport_grader\event\grade_report_viewed
1673600380;2943;99;99;\gradereport_grader\event\grade_report_viewed
1673848473;2943;99;99;\gradereport_grader\event\grade_report_viewed
1673848480;2943;99;99;\gradereport_grader\event\grade_report_viewed
1673934163;2943;99;99;\gradereport_grader\event\grade_report_viewed
1673938383;2943;99;99;\gradereport_grader\event\grade_report_viewed
1673940979;2943;99;99;\gradereport_grader\event\grade_report_viewed
1672127285;2943;99;99;\core\event\course_viewed
1672127298;2943;99;99;\gradereport_user\event\grade_report_viewed
1672127313;2943;99;99;\gradereport_user\event\grade_report_viewed
1672128372;2943;99;99;\gradereport_user\event\grade_report_viewed
1672128597;2943;99;99;\gradereport_user\event\grade_report_viewed
1672128607;2943;99;99;\gradereport_user\event\grade_report_viewed
1672128611;2943;99;99;\gradereport_user\event\grade_report_viewed
1672128750;2943;99;99;\gradereport_user\event\grade_report_viewed
1672131113;2943;99;99;\gradereport_user\event\grade_report_viewed
1672131546;2943;99;99;\gradereport_user\event\grade_report_viewed
1672132650;2943;99;99;\gradereport_user\event\grade_report_viewed
1672132997;2943;99;99;\gradereport_user\event\grade_report_viewed
1672133185;2943;99;99;\gradereport_user\event\grade_report_viewed
1672133318;2943;99;99;\gradereport_user\event\grade_report_viewed
1672133499;2943;99;99;\gradereport_user\event\grade_report_viewed
1672136460;2943;99;99;\gradereport_user\event\grade_report_viewed
1672138490;2943;99;99;\gradereport_user\event\grade_report_viewed
1672140072;2943;99;99;\gradereport_user\event\grade_report_viewed
1672140077;2943;99;99;\gradereport_user\event\grade_report_viewed
1672140369;2943;99;99;\gradereport_user\event\grade_report_viewed
1672140382;2943;99;99;\gradereport_user\event\grade_report_viewed
1672217099;2943;99;99;\core\event\course_viewed
1672217115;2943;99;99;\gradereport_user\event\grade_report_viewed
1672217158;2943;99;99;\gradereport_user\event\grade_report_viewed
1672217491;2943;99;99;\gradereport_user\event\grade_report_viewed
1672217768;2943;99;99;\gradereport_user\event\grade_report_viewed
1672217999;2943;99;99;\gradereport_user\event\grade_report_viewed
1672218137;2943;99;99;\gradereport_user\event\grade_report_viewed
1672218227;2943;99;99;\gradereport_user\event\grade_report_viewed
1672218502;2943;99;99;\gradereport_user\event\grade_report_viewed
1672218757;2943;99;99;\gradereport_user\event\grade_report_viewed
1672218901;2943;99;99;\gradereport_user\event\grade_report_viewed
1672219797;2943;99;99;\gradereport_user\event\grade_report_viewed
1672223242;2943;99;99;\gradereport_user\event\grade_report_viewed
1672223366;2943;99;99;\gradereport_user\event\grade_report_viewed
1672223383;2943;99;99;\gradereport_user\event\grade_report_viewed
1672223437;2943;99;99;\gradereport_user\event\grade_report_viewed
1672224426;2943;99;99;\gradereport_user\event\grade_report_viewed
1672224440;2943;99;99;\gradereport_user\event\grade_report_viewed
1672224561;2943;99;99;\gradereport_user\event\grade_report_viewed
1672224695;2943;99;99;\gradereport_user\event\grade_report_viewed
1672224707;2943;99;99;\gradereport_user\event\grade_report_viewed
1672228661;2943;99;99;\core\event\course_viewed
1672228677;2943;99;99;\gradereport_user\event\grade_report_viewed
1672228691;2943;99;99;\gradereport_user\event\grade_report_viewed
1672228702;2943;99;99;\gradereport_user\event\grade_report_viewed
1672228926;2943;99;99;\gradereport_user\event\grade_report_viewed
1672229040;2943;99;99;\gradereport_user\event\grade_report_viewed
1672229049;2943;99;99;\gradereport_user\event\grade_report_viewed
1672229306;2943;99;99;\gradereport_user\event\grade_report_viewed
1672229753;2943;99;99;\gradereport_user\event\grade_report_viewed
1672229896;2943;99;99;\gradereport_user\event\grade_report_viewed
1672229900;2943;99;99;\gradereport_user\event\grade_report_viewed
1672230136;2943;99;99;\gradereport_user\event\grade_report_viewed
1672230142;2943;99;99;\gradereport_user\event\grade_report_viewed
1672230225;2943;99;99;\gradereport_user\event\grade_report_viewed
1672230462;2943;99;99;\gradereport_user\event\grade_report_viewed
1672300276;2943;99;99;\core\event\course_viewed
1672300288;2943;99;99;\gradereport_user\event\grade_report_viewed
1672300302;2943;99;99;\gradereport_user\event\grade_report_viewed
1672300501;2943;99;99;\gradereport_user\event\grade_report_viewed
1672300655;2943;99;99;\gradereport_user\event\grade_report_viewed
1672300670;2943;99;99;\gradereport_user\event\grade_report_viewed
1672300984;2943;99;99;\gradereport_user\event\grade_report_viewed
1672300995;2943;99;99;\gradereport_user\event\grade_report_viewed
1672301105;2943;99;99;\gradereport_user\event\grade_report_viewed
1672301112;2943;99;99;\gradereport_user\event\grade_report_viewed
1672301116;2943;99;99;\gradereport_user\event\grade_report_viewed
1672301363;2943;99;99;\gradereport_user\event\grade_report_viewed
1672301436;2943;99;99;\gradereport_user\event\grade_report_viewed
1672301554;2943;99;99;\gradereport_user\event\grade_report_viewed
1672301986;2943;99;99;\gradereport_user\event\grade_report_viewed
1672302057;2943;99;99;\gradereport_user\event\grade_report_viewed
1672305001;2943;99;99;\core\event\course_viewed
1672305288;2943;99;99;\gradereport_user\event\grade_report_viewed
1672305297;2943;99;99;\gradereport_user\event\grade_report_viewed
1672305420;2943;99;99;\gradereport_user\event\grade_report_viewed
1672305529;2943;99;99;\gradereport_user\event\grade_report_viewed
1672305648;2943;99;99;\gradereport_user\event\grade_report_viewed
1672305927;2943;99;99;\gradereport_user\event\grade_report_viewed
1672306075;2943;99;99;\gradereport_user\event\grade_report_viewed
1672306159;2943;99;99;\gradereport_user\event\grade_report_viewed
1672306276;2943;99;99;\gradereport_user\event\grade_report_viewed
1672306358;2943;99;99;\gradereport_user\event\grade_report_viewed
1673421873;2943;99;99;\core\event\course_viewed
1673421934;2943;99;99;\gradereport_user\event\grade_report_viewed
1673421950;2943;99;99;\gradereport_user\event\grade_report_viewed
1673422646;2943;99;99;\gradereport_user\event\grade_report_viewed
1673422884;2943;99;99;\gradereport_user\event\grade_report_viewed
1673423380;2943;99;99;\gradereport_user\event\grade_report_viewed
1673423576;2943;99;99;\gradereport_user\event\grade_report_viewed
1673423897;2943;99;99;\gradereport_user\event\grade_report_viewed
1673424597;2943;99;99;\gradereport_user\event\grade_report_viewed
1673424690;2943;99;99;\gradereport_user\event\grade_report_viewed
1673424724;2943;99;99;\gradereport_user\event\grade_report_viewed
1673424731;2943;99;99;\gradereport_user\event\grade_report_viewed
1673424848;2943;99;99;\gradereport_user\event\grade_report_viewed
1673425212;2943;99;99;\gradereport_user\event\grade_report_viewed
1673425295;2943;99;99;\gradereport_user\event\grade_report_viewed
1673425304;2943;99;99;\gradereport_user\event\grade_report_viewed
1673600366;2943;99;99;\core\event\course_viewed
1673600384;2943;99;99;\gradereport_user\event\grade_report_viewed
1673600486;2943;99;99;\gradereport_user\event\grade_report_viewed
1673600560;2943;99;99;\gradereport_user\event\grade_report_viewed
1673600635;2943;99;99;\gradereport_user\event\grade_report_viewed
1673600715;2943;99;99;\gradereport_user\event\grade_report_viewed
1673600839;2943;99;99;\gradereport_user\event\grade_report_viewed
1673600974;2943;99;99;\gradereport_user\event\grade_report_viewed
1673601055;2943;99;99;\gradereport_user\event\grade_report_viewed
1673601162;2943;99;99;\gradereport_user\event\grade_report_viewed
1673601167;2943;99;99;\gradereport_user\event\grade_report_viewed
1673601284;2943;99;99;\gradereport_user\event\grade_report_viewed
1673601521;2943;99;99;\gradereport_user\event\grade_report_viewed
1673601876;2943;99;99;\gradereport_user\event\grade_report_viewed
1673601953;2943;99;99;\gradereport_user\event\grade_report_viewed
1673601977;2943;99;99;\gradereport_user\event\grade_report_viewed
1673602186;2943;99;99;\gradereport_user\event\grade_report_viewed
1673602308;2943;99;99;\gradereport_user\event\grade_report_viewed
1673848450;2943;99;99;\core\event\course_viewed
1673848571;2943;99;99;\gradereport_user\event\grade_report_viewed
1673848582;2943;99;99;\gradereport_user\event\grade_report_viewed
1673848620;2943;99;99;\gradereport_user\event\grade_report_viewed
1673934151;2943;99;99;\core\event\course_viewed
1673934168;2943;99;99;\gradereport_user\event\grade_report_viewed
1673934182;2943;99;99;\gradereport_user\event\grade_report_viewed
1673938375;2943;99;99;\core\event\course_viewed
1673938386;2943;99;99;\gradereport_user\event\grade_report_viewed
1673938404;2943;99;99;\gradereport_user\event\grade_report_viewed
1673938539;2943;99;99;\gradereport_user\event\grade_report_viewed
1673938553;2943;99;99;\gradereport_user\event\grade_report_viewed
1673938571;2943;99;99;\gradereport_user\event\grade_report_viewed
1673938602;2943;99;99;\gradereport_user\event\grade_report_viewed
1673938626;2943;99;99;\gradereport_user\event\grade_report_viewed
1673938651;2943;99;99;\gradereport_user\event\grade_report_viewed
1673938658;2943;99;99;\gradereport_user\event\grade_report_viewed
1673938684;2943;99;99;\gradereport_user\event\grade_report_viewed
1673938700;2943;99;99;\gradereport_user\event\grade_report_viewed
1673938719;2943;99;99;\gradereport_user\event\grade_report_viewed
1673938751;2943;99;99;\gradereport_user\event\grade_report_viewed
1673938768;2943;99;99;\gradereport_user\event\grade_report_viewed
1673938781;2943;99;99;\gradereport_user\event\grade_report_viewed
1673940970;2943;99;99;\core\event\course_viewed
1673940984;2943;99;99;\gradereport_user\event\grade_report_viewed
1673941002;2943;99;99;\gradereport_user\event\grade_report_viewed
1673941246;2943;99;99;\gradereport_user\event\grade_report_viewed
1670836914;4621;99;99;\core\event\course_viewed
1670836927;4621;99;8757;\mod_resource\event\course_module_viewed
1670836930;4621;99;8758;\mod_resource\event\course_module_viewed
1670836971;4621;99;8758;\mod_resource\event\course_module_viewed
1670836932;4621;99;8769;\mod_resource\event\course_module_viewed
1670254847;5274;99;99;\gradereport_grader\event\grade_report_viewed
1670254917;5274;99;99;\gradereport_grader\event\grade_report_viewed
1670514803;5274;99;99;\gradereport_grader\event\grade_report_viewed
1670514819;5274;99;99;\gradereport_grader\event\grade_report_viewed
1670515398;5274;99;99;\gradereport_outcomes\event\grade_report_viewed
1670515484;5274;99;99;\gradereport_grader\event\grade_report_viewed
1670515801;5274;99;99;\gradeexport_xls\event\grade_exported
1670516008;5274;99;99;\gradeexport_xls\event\grade_exported
1670516144;5274;99;99;\gradeexport_xls\event\grade_exported
1670516259;5274;99;99;\gradeexport_xls\event\grade_exported
1670516373;5274;99;99;\gradeexport_xls\event\grade_exported
1670516491;5274;99;99;\gradeexport_xls\event\grade_exported
1670516611;5274;99;99;\gradeexport_xls\event\grade_exported
1670516695;5274;99;99;\gradeexport_xls\event\grade_exported
1670517384;5274;99;99;\gradereport_grader\event\grade_report_viewed
1670517549;5274;99;99;\gradereport_grader\event\grade_report_viewed
1670517571;5274;99;99;\gradereport_grader\event\grade_report_viewed
1670517646;5274;99;99;\gradereport_grader\event\grade_report_viewed
1670517710;5274;99;99;\gradereport_grader\event\grade_report_viewed
1671070716;5274;99;99;\gradereport_grader\event\grade_report_viewed
1671070726;5274;99;99;\gradereport_grader\event\grade_report_viewed
1671070743;5274;99;99;\gradereport_grader\event\grade_report_viewed
1671070747;5274;99;99;\gradereport_grader\event\grade_report_viewed
1671070814;5274;99;99;\gradereport_grader\event\grade_report_viewed
1671071388;5274;99;99;\gradereport_grader\event\grade_report_viewed
1671071432;5274;99;99;\gradereport_grader\event\grade_report_viewed
1671071447;5274;99;99;\gradereport_grader\event\grade_report_viewed
1671157947;5274;99;99;\gradereport_grader\event\grade_report_viewed
1671157956;5274;99;99;\gradereport_grader\event\grade_report_viewed
1671157979;5274;99;99;\gradereport_grader\event\grade_report_viewed
1671158222;5274;99;99;\gradereport_grader\event\grade_report_viewed
1671158535;5274;99;99;\gradereport_grader\event\grade_report_viewed
1671158546;5274;99;99;\gradereport_grader\event\grade_report_viewed
1671158955;5274;99;99;\gradereport_grader\event\grade_report_viewed
1671160346;5274;99;99;\gradereport_grader\event\grade_report_viewed
1671160373;5274;99;99;\gradereport_grader\event\grade_report_viewed
1671160377;5274;99;99;\gradereport_grader\event\grade_report_viewed
1671160382;5274;99;99;\gradereport_grader\event\grade_report_viewed
1671160711;5274;99;99;\gradereport_grader\event\grade_report_viewed
1671160777;5274;99;99;\gradereport_grader\event\grade_report_viewed
1671161005;5274;99;99;\gradereport_grader\event\grade_report_viewed
1671161300;5274;99;99;\gradereport_grader\event\grade_report_viewed
1671164825;5274;99;99;\gradereport_grader\event\grade_report_viewed
1671166017;5274;99;99;\gradereport_grader\event\grade_report_viewed
1671166250;5274;99;99;\gradereport_grader\event\grade_report_viewed
1671166582;5274;99;99;\gradereport_grader\event\grade_report_viewed
1671166854;5274;99;99;\gradereport_grader\event\grade_report_viewed
1671167418;5274;99;99;\gradereport_grader\event\grade_report_viewed
1671452188;5274;99;99;\gradereport_grader\event\grade_report_viewed
1671452198;5274;99;99;\gradereport_grader\event\grade_report_viewed
1673541846;5274;99;99;\gradereport_grader\event\grade_report_viewed
1670254818;5274;99;99;\core\event\course_viewed
1670514771;5274;99;99;\core\event\course_viewed
1670515123;5274;99;99;\gradereport_overview\event\grade_report_viewed
1670515138;5274;99;99;\gradereport_user\event\grade_report_viewed
1670515181;5274;99;99;\gradereport_user\event\grade_report_viewed
1670515338;5274;99;99;\gradereport_overview\event\grade_report_viewed
1670515347;5274;99;99;\gradereport_user\event\grade_report_viewed
1670515366;5274;99;99;\gradereport_user\event\grade_report_viewed
1671070696;5274;99;99;\core\event\course_viewed
1671157926;5274;99;99;\core\event\course_viewed
1671164787;5274;99;99;\core\event\course_viewed
1671452141;5274;99;99;\core\event\course_viewed
1671452211;5274;99;99;\gradereport_user\event\grade_report_viewed
1671452303;5274;99;99;\gradereport_user\event\grade_report_viewed
1673541744;5274;99;99;\core\event\course_viewed
1670517076;5274;99;5631;\mod_forum\event\course_module_viewed
1670517050;5274;99;9378;\mod_resource\event\course_module_viewed
1670517091;5274;99;9379;\mod_resource\event\course_module_viewed
1670517100;5274;99;10544;\mod_book\event\course_module_viewed
1670517100;5274;99;10544;\mod_book\event\chapter_viewed
1670517129;5274;99;10544;\mod_book\event\chapter_viewed
1670517138;5274;99;10544;\mod_book\event\chapter_viewed
1670517362;5274;99;10544;\mod_book\event\chapter_viewed
1671452388;5274;99;36257;\mod_quiz\event\report_viewed
1670218759;75204;99;99;\gradereport_grader\event\grade_report_viewed
1670260336;75204;99;99;\gradereport_grader\event\grade_report_viewed
1670261472;75204;99;99;\gradereport_grader\event\grade_report_viewed
1670262969;75204;99;99;\gradereport_grader\event\grade_report_viewed
1670298861;75204;99;99;\gradereport_grader\event\grade_report_viewed
1670298892;75204;99;99;\gradereport_grader\event\grade_report_viewed
1670299109;75204;99;99;\gradereport_grader\event\grade_report_viewed
1670299749;75204;99;99;\gradereport_grader\event\grade_report_viewed
1670489301;75204;99;99;\gradereport_grader\event\grade_report_viewed
1670743530;75204;99;99;\gradereport_grader\event\grade_report_viewed
1670743541;75204;99;99;\gradereport_grader\event\grade_report_viewed
1671264030;75204;99;99;\gradereport_grader\event\grade_report_viewed
1670218776;75204;99;99;\core\event\course_viewed
1670257869;75204;99;99;\core\event\course_viewed
1670489288;75204;99;99;\core\event\course_viewed
1670490954;75204;99;99;\core\event\course_viewed
1670841449;75204;99;99;\core\event\course_viewed
1670841599;75204;99;99;\core\event\course_viewed
1670841658;75204;99;99;\core\event\course_viewed
1670841896;75204;99;99;\core\event\course_viewed
1670841991;75204;99;99;\core\event\course_viewed
1670842134;75204;99;99;\core\event\course_viewed
1670842242;75204;99;99;\core\event\course_viewed
1670842268;75204;99;99;\core\event\course_viewed
1670850182;75204;99;99;\core\event\course_viewed
1671170934;75204;99;99;\core\event\course_viewed
1671261469;75204;99;99;\core\event\course_viewed
1673835575;75204;99;99;\core\event\course_viewed
1670842013;75204;99;6745;\mod_resource\event\course_module_viewed
1670842013;75204;99;6745;\core\event\course_module_completion_updated
1670842013;75204;99;6745;\core\event\course_module_completion_updated
1670841671;75204;99;6964;\mod_resource\event\course_module_viewed
1670841671;75204;99;6964;\core\event\course_module_completion_updated
1670841671;75204;99;6964;\core\event\course_module_completion_updated
1670842009;75204;99;7052;\mod_resource\event\course_module_viewed
1670842259;75204;99;7052;\mod_resource\event\course_module_viewed
1670842009;75204;99;7052;\core\event\course_module_completion_updated
1670842009;75204;99;7052;\core\event\course_module_completion_updated
1670841631;75204;99;7054;\mod_resource\event\course_module_viewed
1670842088;75204;99;7087;\mod_resource\event\course_module_viewed
1670842276;75204;99;7087;\mod_resource\event\course_module_viewed
1670842088;75204;99;7087;\core\event\course_module_completion_updated
1670842088;75204;99;7087;\core\event\course_module_completion_updated
1670841919;75204;99;7108;\mod_resource\event\course_module_viewed
1670841919;75204;99;7108;\core\event\course_module_completion_updated
1670841919;75204;99;7108;\core\event\course_module_completion_updated
1670842162;75204;99;8438;\mod_resource\event\course_module_viewed
1670842212;75204;99;8438;\mod_resource\event\course_module_viewed
1670842162;75204;99;8438;\core\event\course_module_completion_updated
1670842162;75204;99;8438;\core\event\course_module_completion_updated
1670841499;75204;99;8596;\mod_resource\event\course_module_viewed
1670841499;75204;99;8596;\core\event\course_module_completion_updated
1670841499;75204;99;8596;\core\event\course_module_completion_updated
1670841921;75204;99;8624;\mod_resource\event\course_module_viewed
1670841921;75204;99;8624;\core\event\course_module_completion_updated
1670841921;75204;99;8624;\core\event\course_module_completion_updated
1670841922;75204;99;8625;\mod_resource\event\course_module_viewed
1670841922;75204;99;8625;\core\event\course_module_completion_updated
1670841922;75204;99;8625;\core\event\course_module_completion_updated
1670841505;75204;99;8627;\mod_resource\event\course_module_viewed
1670841505;75204;99;8627;\core\event\course_module_completion_updated
1670841505;75204;99;8627;\core\event\course_module_completion_updated
1670841510;75204;99;8714;\mod_resource\event\course_module_viewed
1670841510;75204;99;8714;\core\event\course_module_completion_updated
1670841510;75204;99;8714;\core\event\course_module_completion_updated
1670842316;75204;99;8757;\mod_resource\event\course_module_viewed
1670842316;75204;99;8757;\core\event\course_module_completion_updated
1670842316;75204;99;8757;\core\event\course_module_completion_updated
1670842320;75204;99;8758;\mod_resource\event\course_module_viewed
1670842320;75204;99;8758;\core\event\course_module_completion_updated
1670842320;75204;99;8758;\core\event\course_module_completion_updated
1670842325;75204;99;8769;\mod_resource\event\course_module_viewed
1670842325;75204;99;8769;\core\event\course_module_completion_updated
1670842325;75204;99;8769;\core\event\course_module_completion_updated
1670841917;75204;99;8950;\mod_resource\event\course_module_viewed
1670841917;75204;99;8950;\core\event\course_module_completion_updated
1670841917;75204;99;8950;\core\event\course_module_completion_updated
1670841514;75204;99;9250;\mod_resource\event\course_module_viewed
1670841514;75204;99;9250;\core\event\course_module_completion_updated
1670841514;75204;99;9250;\core\event\course_module_completion_updated
1670842328;75204;99;9260;\mod_resource\event\course_module_viewed
1670842328;75204;99;9260;\core\event\course_module_completion_updated
1670842328;75204;99;9260;\core\event\course_module_completion_updated
1673835580;75204;99;10544;\mod_book\event\course_module_viewed
1673835580;75204;99;10544;\mod_book\event\chapter_viewed
1673835588;75204;99;10544;\mod_book\event\chapter_viewed
1674746493;75204;99;10544;\mod_book\event\course_module_viewed
1674746494;75204;99;10544;\mod_book\event\chapter_viewed